id,title,description,type,status,priority,assignee,created_date,updated_date
PROJ-1001,Optimize query execution,Improve query execution performance using JSONFormatter,Improvement,Open,High,mike.wilson@example.com,2025-03-15,2025-03-29
PROJ-1002,Optimize query execution,Improve query execution performance using JSONFormatter,Improvement,Closed,High,liam.martin@example.com,2025-03-31,2025-04-06
PROJ-1003,Add password reset endpoint,Implement password reset API endpoint using OAuth,Feature,Closed,Low,emma.jones@example.com,2025-04-09,2025-04-21
PROJ-1004,Optimize query execution,Improve query execution performance using asyncio,Improvement,Closed,High,sophia.white@example.com,2025-04-11,2025-04-12
PROJ-1005,Fix null API responses bug,Resolve null API responses issue in email module,Bug,Closed,Low,john.doe@example.com,2025-04-21,2025-05-01
PROJ-1006,Fix database timeouts bug,Resolve database timeouts issue in auth module,Bug,Open,High,alex.brown@example.com,2025-04-08,2025-04-30
PROJ-1007,Optimize logging,Improve logging performance using multiprocessing,Improvement,In Progress,Medium,emma.jones@example.com,2025-03-12,2025-04-08
PROJ-1008,Add Redis caching endpoint,Implement Redis caching API endpoint using Elasticsearch,Feature,In Progress,Medium,john.doe@example.com,2025-03-09,2025-03-11
PROJ-1009,Fix database timeouts bug,Resolve database timeouts issue in pipeline module,Bug,Closed,High,liam.martin@example.com,2025-04-13,2025-04-14
PROJ-1010,Fix null API responses bug,Resolve null API responses issue in api module,Bug,Closed,High,alex.brown@example.com,2025-03-15,2025-05-09
PROJ-1011,Fix SQL injection bug,Resolve SQL injection issue in logger module,Bug,In Progress,Medium,alex.brown@example.com,2025-03-18,2025-05-03
PROJ-1012,Fix session expiry bug,Resolve session expiry issue in user module,Bug,Closed,Medium,sarah.lee@example.com,2025-03-11,2025-04-22
PROJ-1013,Add email notifications endpoint,Implement email notifications API endpoint using Elasticsearch,Feature,In Progress,Low,james.moore@example.com,2025-04-24,2025-05-02
PROJ-1014,Add user authentication endpoint,Implement user authentication API endpoint using smtplib,Feature,Closed,High,james.moore@example.com,2025-03-21,2025-03-24
PROJ-1015,Fix CSV parsing bug,Resolve CSV parsing issue in file module,Bug,Open,High,olivia.taylor@example.com,2025-03-21,2025-04-07
PROJ-1016,Fix session expiry bug,Resolve session expiry issue in logger module,Bug,Closed,Medium,emma.jones@example.com,2025-03-27,2025-03-31
PROJ-1017,Add password reset endpoint,Implement password reset API endpoint using smtplib,Feature,Closed,High,sarah.lee@example.com,2025-04-08,2025-04-30
PROJ-1018,Add password reset endpoint,Implement password reset API endpoint using JWT,Feature,Open,High,john.doe@example.com,2025-03-27,2025-04-08
PROJ-1019,Add email notifications endpoint,Implement email notifications API endpoint using smtplib,Feature,Closed,Low,sophia.white@example.com,2025-03-13,2025-04-05
PROJ-1020,Add Redis caching endpoint,Implement Redis caching API endpoint using smtplib,Feature,In Progress,Low,james.moore@example.com,2025-04-12,2025-04-16
PROJ-1021,Fix session expiry bug,Resolve session expiry issue in email module,Bug,In Progress,High,john.doe@example.com,2025-04-02,2025-04-24
PROJ-1022,Fix null API responses bug,Resolve null API responses issue in search module,Bug,Open,Medium,jane.smith@example.com,2025-03-18,2025-04-21
PROJ-1023,Add Redis caching endpoint,Implement Redis caching API endpoint using Elasticsearch,Feature,Closed,Medium,emma.jones@example.com,2025-03-09,2025-03-18
PROJ-1024,Add search pagination endpoint,Implement search pagination API endpoint using Elasticsearch,Feature,In Progress,Medium,mike.wilson@example.com,2025-03-16,2025-04-14
PROJ-1025,Fix CSV parsing bug,Resolve CSV parsing issue in search module,Bug,In Progress,Low,john.doe@example.com,2025-04-24,2025-05-15
PROJ-1026,Fix null API responses bug,Resolve null API responses issue in logger module,Bug,Open,Medium,olivia.taylor@example.com,2025-03-07,2025-03-16
PROJ-1027,Add user authentication endpoint,Implement user authentication API endpoint using Elasticsearch,Feature,In Progress,Medium,emma.jones@example.com,2025-04-02,2025-04-17
PROJ-1028,Optimize API performance,Improve API performance performance using Memcached,Improvement,Open,Medium,alex.brown@example.com,2025-04-18,2025-04-26
PROJ-1029,Optimize file uploads,Improve file uploads performance using asyncio,Improvement,In Progress,High,john.doe@example.com,2025-03-11,2025-04-22
PROJ-1030,Add email notifications endpoint,Implement email notifications API endpoint using Elasticsearch,Feature,In Progress,High,jane.smith@example.com,2025-04-08,2025-04-17
PROJ-1031,Fix SQL injection bug,Resolve SQL injection issue in database module,Bug,Closed,Medium,olivia.taylor@example.com,2025-03-15,2025-03-24
PROJ-1032,Add user authentication endpoint,Implement user authentication API endpoint using Elasticsearch,Feature,Closed,Low,james.moore@example.com,2025-03-12,2025-04-21
PROJ-1033,Fix SQL injection bug,Resolve SQL injection issue in database module,Bug,Open,Low,emma.jones@example.com,2025-04-05,2025-04-29
PROJ-1034,Fix null API responses bug,Resolve null API responses issue in file module,Bug,In Progress,High,alex.brown@example.com,2025-03-01,2025-03-17
PROJ-1035,Optimize logging,Improve logging performance using multiprocessing,Improvement,Closed,High,alex.brown@example.com,2025-04-17,2025-05-01
PROJ-1036,Add user authentication endpoint,Implement user authentication API endpoint using smtplib,Feature,In Progress,Medium,mike.wilson@example.com,2025-04-13,2025-04-25
PROJ-1037,Optimize file uploads,Improve file uploads performance using Memcached,Improvement,Closed,High,john.doe@example.com,2025-04-14,2025-05-08
PROJ-1038,Add search pagination endpoint,Implement search pagination API endpoint using smtplib,Feature,Open,High,jane.smith@example.com,2025-03-16,2025-03-18
PROJ-1039,Optimize data pipeline,Improve data pipeline performance using asyncio,Improvement,In Progress,Low,james.moore@example.com,2025-04-16,2025-05-10
PROJ-1040,Fix CSV parsing bug,Resolve CSV parsing issue in api module,Bug,In Progress,Medium,olivia.taylor@example.com,2025-03-14,2025-03-26
PROJ-1041,Optimize query execution,Improve query execution performance using NumPy,Improvement,In Progress,Medium,alex.brown@example.com,2025-03-06,2025-04-02
PROJ-1042,Add password reset endpoint,Implement password reset API endpoint using Redis,Feature,Open,Medium,sophia.white@example.com,2025-04-23,2025-04-27
PROJ-1043,Fix database timeouts bug,Resolve database timeouts issue in logger module,Bug,In Progress,Medium,mike.wilson@example.com,2025-03-02,2025-04-15
PROJ-1044,Fix CSV parsing bug,Resolve CSV parsing issue in database module,Bug,In Progress,Low,james.moore@example.com,2025-03-26,2025-04-27
PROJ-1045,Optimize data pipeline,Improve data pipeline performance using NumPy,Improvement,Open,Low,emma.jones@example.com,2025-04-16,2025-05-05
PROJ-1046,Optimize API performance,Improve API performance performance using Memcached,Improvement,Open,Medium,sophia.white@example.com,2025-04-07,2025-05-13
PROJ-1047,Optimize query execution,Improve query execution performance using multiprocessing,Improvement,In Progress,High,mike.wilson@example.com,2025-03-06,2025-03-12
PROJ-1048,Add password reset endpoint,Implement password reset API endpoint using Redis,Feature,Open,High,olivia.taylor@example.com,2025-03-14,2025-03-27
PROJ-1049,Optimize query execution,Improve query execution performance using multiprocessing,Improvement,Closed,Low,alex.brown@example.com,2025-03-09,2025-03-31
PROJ-1050,Optimize query execution,Improve query execution performance using NumPy,Improvement,In Progress,Medium,alex.brown@example.com,2025-03-05,2025-03-29
PROJ-1051,Fix database timeouts bug,Resolve database timeouts issue in auth module,Bug,Closed,High,liam.martin@example.com,2025-04-12,2025-04-16
PROJ-1052,Optimize data pipeline,Improve data pipeline performance using multiprocessing,Improvement,Open,Medium,jane.smith@example.com,2025-04-15,2025-05-07
PROJ-1053,Fix CSV parsing bug,Resolve CSV parsing issue in user module,Bug,In Progress,Low,emma.jones@example.com,2025-04-28,2025-05-05
PROJ-1054,Optimize data pipeline,Improve data pipeline performance using asyncio,Improvement,In Progress,Low,sophia.white@example.com,2025-03-12,2025-04-13
PROJ-1055,Add search pagination endpoint,Implement search pagination API endpoint using JWT,Feature,In Progress,Low,liam.martin@example.com,2025-03-16,2025-04-25
PROJ-1056,Fix CSV parsing bug,Resolve CSV parsing issue in search module,Bug,Open,Low,mike.wilson@example.com,2025-04-13,2025-05-05
PROJ-1057,Add Redis caching endpoint,Implement Redis caching API endpoint using Redis,Feature,Open,Medium,james.moore@example.com,2025-04-06,2025-04-30
PROJ-1058,Fix null API responses bug,Resolve null API responses issue in pipeline module,Bug,In Progress,High,olivia.taylor@example.com,2025-04-30,2025-05-06
PROJ-1059,Optimize file uploads,Improve file uploads performance using JSONFormatter,Improvement,Closed,Low,sophia.white@example.com,2025-03-30,2025-05-12
PROJ-1060,Fix null API responses bug,Resolve null API responses issue in logger module,Bug,In Progress,Low,james.moore@example.com,2025-03-29,2025-05-12
PROJ-1061,Fix CSV parsing bug,Resolve CSV parsing issue in search module,Bug,Closed,High,sophia.white@example.com,2025-03-21,2025-05-04
PROJ-1062,Optimize data pipeline,Improve data pipeline performance using NumPy,Improvement,In Progress,Medium,liam.martin@example.com,2025-03-29,2025-04-27
PROJ-1063,Add password reset endpoint,Implement password reset API endpoint using JWT,Feature,Closed,High,john.doe@example.com,2025-03-06,2025-04-09
PROJ-1064,Optimize logging,Improve logging performance using asyncio,Improvement,Closed,Low,james.moore@example.com,2025-04-03,2025-04-05
PROJ-1065,Optimize file uploads,Improve file uploads performance using Memcached,Improvement,Closed,High,sarah.lee@example.com,2025-04-04,2025-05-15
PROJ-1066,Add search pagination endpoint,Implement search pagination API endpoint using OAuth,Feature,In Progress,High,james.moore@example.com,2025-03-07,2025-03-20
PROJ-1067,Fix null API responses bug,Resolve null API responses issue in search module,Bug,Closed,High,james.moore@example.com,2025-04-19,2025-04-28
PROJ-1068,Optimize file uploads,Improve file uploads performance using NumPy,Improvement,Open,Medium,sarah.lee@example.com,2025-03-25,2025-04-14
PROJ-1069,Add search pagination endpoint,Implement search pagination API endpoint using smtplib,Feature,Closed,Medium,sarah.lee@example.com,2025-04-15,2025-04-24
PROJ-1070,Optimize API performance,Improve API performance performance using JSONFormatter,Improvement,In Progress,High,alex.brown@example.com,2025-04-30,2025-05-14
PROJ-1071,Add search pagination endpoint,Implement search pagination API endpoint using OAuth,Feature,Closed,High,alex.brown@example.com,2025-03-11,2025-04-06
PROJ-1072,Optimize data pipeline,Improve data pipeline performance using asyncio,Improvement,Closed,High,mike.wilson@example.com,2025-03-10,2025-04-06
PROJ-1073,Optimize query execution,Improve query execution performance using asyncio,Improvement,In Progress,Medium,liam.martin@example.com,2025-04-19,2025-04-28
PROJ-1074,Add search pagination endpoint,Implement search pagination API endpoint using Redis,Feature,In Progress,Low,sarah.lee@example.com,2025-03-11,2025-04-12
PROJ-1075,Fix CSV parsing bug,Resolve CSV parsing issue in user module,Bug,Open,Low,emma.jones@example.com,2025-03-06,2025-04-19
PROJ-1076,Fix CSV parsing bug,Resolve CSV parsing issue in auth module,Bug,Open,Low,jane.smith@example.com,2025-04-16,2025-04-30
PROJ-1077,Fix null API responses bug,Resolve null API responses issue in email module,Bug,Open,Medium,mike.wilson@example.com,2025-03-14,2025-04-15
PROJ-1078,Optimize logging,Improve logging performance using NumPy,Improvement,Open,High,olivia.taylor@example.com,2025-03-19,2025-05-06
PROJ-1079,Add user authentication endpoint,Implement user authentication API endpoint using smtplib,Feature,In Progress,Low,mike.wilson@example.com,2025-04-07,2025-05-13
PROJ-1080,Fix session expiry bug,Resolve session expiry issue in file module,Bug,Open,Medium,john.doe@example.com,2025-03-29,2025-04-02
PROJ-1081,Optimize query execution,Improve query execution performance using multiprocessing,Improvement,Closed,Low,olivia.taylor@example.com,2025-03-25,2025-04-23
PROJ-1082,Optimize data pipeline,Improve data pipeline performance using JSONFormatter,Improvement,Open,Low,james.moore@example.com,2025-03-15,2025-03-24
PROJ-1083,Optimize file uploads,Improve file uploads performance using multiprocessing,Improvement,In Progress,Low,mike.wilson@example.com,2025-04-22,2025-05-10
PROJ-1084,Fix session expiry bug,Resolve session expiry issue in api module,Bug,In Progress,High,alex.brown@example.com,2025-03-15,2025-04-06
PROJ-1085,Fix SQL injection bug,Resolve SQL injection issue in email module,Bug,In Progress,Low,sophia.white@example.com,2025-03-11,2025-04-12
PROJ-1086,Optimize query execution,Improve query execution performance using multiprocessing,Improvement,In Progress,Medium,sarah.lee@example.com,2025-04-25,2025-05-09
PROJ-1087,Add user authentication endpoint,Implement user authentication API endpoint using JWT,Feature,Closed,Low,sophia.white@example.com,2025-04-01,2025-05-04
PROJ-1088,Optimize logging,Improve logging performance using multiprocessing,Improvement,In Progress,Medium,olivia.taylor@example.com,2025-04-30,2025-05-15
PROJ-1089,Fix CSV parsing bug,Resolve CSV parsing issue in logger module,Bug,Open,High,emma.jones@example.com,2025-03-29,2025-05-14
PROJ-1090,Add user authentication endpoint,Implement user authentication API endpoint using JWT,Feature,Closed,Low,alex.brown@example.com,2025-04-12,2025-04-15
PROJ-1091,Optimize file uploads,Improve file uploads performance using Memcached,Improvement,In Progress,Low,james.moore@example.com,2025-03-30,2025-04-04
PROJ-1092,Fix session expiry bug,Resolve session expiry issue in pipeline module,Bug,Open,Low,john.doe@example.com,2025-04-12,2025-05-14
PROJ-1093,Optimize query execution,Improve query execution performance using JSONFormatter,Improvement,Closed,High,john.doe@example.com,2025-04-26,2025-05-04
PROJ-1094,Fix SQL injection bug,Resolve SQL injection issue in user module,Bug,Open,High,liam.martin@example.com,2025-03-09,2025-04-16
PROJ-1095,Fix session expiry bug,Resolve session expiry issue in user module,Bug,In Progress,High,mike.wilson@example.com,2025-03-18,2025-03-30
PROJ-1096,Fix CSV parsing bug,Resolve CSV parsing issue in database module,Bug,Open,High,john.doe@example.com,2025-04-20,2025-05-15
PROJ-1097,Optimize query execution,Improve query execution performance using asyncio,Improvement,Closed,Low,mike.wilson@example.com,2025-04-15,2025-04-29
PROJ-1098,Optimize data pipeline,Improve data pipeline performance using JSONFormatter,Improvement,In Progress,Low,jane.smith@example.com,2025-04-18,2025-05-11
PROJ-1099,Fix database timeouts bug,Resolve database timeouts issue in file module,Bug,In Progress,Low,emma.jones@example.com,2025-04-27,2025-05-14
PROJ-1100,Optimize file uploads,Improve file uploads performance using multiprocessing,Improvement,Open,Medium,emma.jones@example.com,2025-04-29,2025-05-11
PROJ-1101,Add search pagination endpoint,Implement search pagination API endpoint using OAuth,Feature,Open,Medium,alex.brown@example.com,2025-03-31,2025-04-30
PROJ-1102,Optimize data pipeline,Improve data pipeline performance using Memcached,Improvement,Open,Medium,olivia.taylor@example.com,2025-04-16,2025-04-24
PROJ-1103,Add Redis caching endpoint,Implement Redis caching API endpoint using Elasticsearch,Feature,Open,Medium,john.doe@example.com,2025-03-18,2025-04-09
PROJ-1104,Fix SQL injection bug,Resolve SQL injection issue in pipeline module,Bug,In Progress,High,sarah.lee@example.com,2025-03-27,2025-05-13
PROJ-1105,Add email notifications endpoint,Implement email notifications API endpoint using JWT,Feature,Closed,Low,jane.smith@example.com,2025-04-01,2025-05-07
PROJ-1106,Optimize logging,Improve logging performance using NumPy,Improvement,Closed,High,emma.jones@example.com,2025-04-05,2025-05-13
PROJ-1107,Optimize API performance,Improve API performance performance using asyncio,Improvement,Closed,Low,james.moore@example.com,2025-03-19,2025-03-27
PROJ-1108,Fix session expiry bug,Resolve session expiry issue in email module,Bug,Closed,Medium,sophia.white@example.com,2025-04-03,2025-05-03
PROJ-1109,Optimize data pipeline,Improve data pipeline performance using multiprocessing,Improvement,In Progress,Medium,jane.smith@example.com,2025-04-02,2025-05-15
PROJ-1110,Add email notifications endpoint,Implement email notifications API endpoint using Elasticsearch,Feature,Closed,Low,olivia.taylor@example.com,2025-03-22,2025-03-26
PROJ-1111,Fix SQL injection bug,Resolve SQL injection issue in auth module,Bug,Closed,High,liam.martin@example.com,2025-04-29,2025-05-14
PROJ-1112,Fix session expiry bug,Resolve session expiry issue in search module,Bug,Closed,High,sarah.lee@example.com,2025-03-31,2025-04-01
PROJ-1113,Optimize API performance,Improve API performance performance using JSONFormatter,Improvement,Open,Medium,alex.brown@example.com,2025-04-12,2025-04-16
PROJ-1114,Add password reset endpoint,Implement password reset API endpoint using OAuth,Feature,Closed,High,liam.martin@example.com,2025-03-30,2025-04-24
PROJ-1115,Fix null API responses bug,Resolve null API responses issue in search module,Bug,Open,Low,liam.martin@example.com,2025-04-21,2025-05-11
PROJ-1116,Add email notifications endpoint,Implement email notifications API endpoint using JWT,Feature,In Progress,Low,alex.brown@example.com,2025-03-11,2025-05-08
PROJ-1117,Fix null API responses bug,Resolve null API responses issue in email module,Bug,Closed,Low,sophia.white@example.com,2025-03-27,2025-05-10
PROJ-1118,Add user authentication endpoint,Implement user authentication API endpoint using Redis,Feature,Open,Medium,sophia.white@example.com,2025-04-18,2025-04-27
PROJ-1119,Fix null API responses bug,Resolve null API responses issue in file module,Bug,Open,Medium,olivia.taylor@example.com,2025-04-07,2025-04-17
PROJ-1120,Fix CSV parsing bug,Resolve CSV parsing issue in pipeline module,Bug,Open,High,james.moore@example.com,2025-04-19,2025-05-11
PROJ-1121,Optimize file uploads,Improve file uploads performance using NumPy,Improvement,Open,High,james.moore@example.com,2025-03-31,2025-05-04
PROJ-1122,Add email notifications endpoint,Implement email notifications API endpoint using smtplib,Feature,In Progress,Low,jane.smith@example.com,2025-03-08,2025-04-11
PROJ-1123,Optimize API performance,Improve API performance performance using JSONFormatter,Improvement,Open,Medium,james.moore@example.com,2025-04-15,2025-04-30
PROJ-1124,Fix database timeouts bug,Resolve database timeouts issue in logger module,Bug,In Progress,Low,james.moore@example.com,2025-03-19,2025-04-14
PROJ-1125,Optimize API performance,Improve API performance performance using asyncio,Improvement,In Progress,Low,james.moore@example.com,2025-04-20,2025-04-21
PROJ-1126,Optimize API performance,Improve API performance performance using NumPy,Improvement,Closed,High,sophia.white@example.com,2025-03-04,2025-03-31
PROJ-1127,Optimize data pipeline,Improve data pipeline performance using JSONFormatter,Improvement,Closed,High,liam.martin@example.com,2025-04-24,2025-04-28
PROJ-1128,Add Redis caching endpoint,Implement Redis caching API endpoint using OAuth,Feature,Open,Low,sophia.white@example.com,2025-03-27,2025-05-06
PROJ-1129,Optimize logging,Improve logging performance using asyncio,Improvement,In Progress,Medium,sophia.white@example.com,2025-04-22,2025-04-29
PROJ-1130,Add email notifications endpoint,Implement email notifications API endpoint using Redis,Feature,In Progress,Medium,liam.martin@example.com,2025-04-07,2025-05-07
PROJ-1131,Optimize query execution,Improve query execution performance using Memcached,Improvement,Open,Medium,liam.martin@example.com,2025-04-17,2025-05-07
PROJ-1132,Fix database timeouts bug,Resolve database timeouts issue in auth module,Bug,In Progress,Medium,emma.jones@example.com,2025-03-22,2025-03-26
PROJ-1133,Fix session expiry bug,Resolve session expiry issue in database module,Bug,Open,Medium,john.doe@example.com,2025-04-19,2025-04-29
PROJ-1134,Optimize logging,Improve logging performance using NumPy,Improvement,In Progress,High,james.moore@example.com,2025-04-13,2025-04-23
PROJ-1135,Fix SQL injection bug,Resolve SQL injection issue in api module,Bug,Closed,Low,alex.brown@example.com,2025-03-30,2025-04-13
PROJ-1136,Optimize logging,Improve logging performance using JSONFormatter,Improvement,Open,Medium,john.doe@example.com,2025-03-21,2025-04-07
PROJ-1137,Add email notifications endpoint,Implement email notifications API endpoint using OAuth,Feature,In Progress,High,emma.jones@example.com,2025-03-11,2025-04-17
PROJ-1138,Add password reset endpoint,Implement password reset API endpoint using Redis,Feature,Open,Low,mike.wilson@example.com,2025-03-17,2025-05-01
PROJ-1139,Fix null API responses bug,Resolve null API responses issue in user module,Bug,In Progress,Medium,sarah.lee@example.com,2025-03-03,2025-04-14
PROJ-1140,Optimize data pipeline,Improve data pipeline performance using NumPy,Improvement,Open,Medium,sarah.lee@example.com,2025-03-15,2025-04-04
PROJ-1141,Add search pagination endpoint,Implement search pagination API endpoint using Redis,Feature,Closed,Medium,sophia.white@example.com,2025-04-01,2025-04-24
PROJ-1142,Fix SQL injection bug,Resolve SQL injection issue in file module,Bug,Closed,Medium,olivia.taylor@example.com,2025-03-22,2025-05-01
PROJ-1143,Optimize file uploads,Improve file uploads performance using JSONFormatter,Improvement,Closed,High,liam.martin@example.com,2025-03-03,2025-04-09
PROJ-1144,Add email notifications endpoint,Implement email notifications API endpoint using OAuth,Feature,Closed,High,john.doe@example.com,2025-04-25,2025-05-11
PROJ-1145,Optimize logging,Improve logging performance using Memcached,Improvement,Closed,High,sarah.lee@example.com,2025-04-12,2025-04-25
PROJ-1146,Fix CSV parsing bug,Resolve CSV parsing issue in file module,Bug,In Progress,Low,sarah.lee@example.com,2025-04-07,2025-05-04
PROJ-1147,Add Redis caching endpoint,Implement Redis caching API endpoint using smtplib,Feature,Open,Medium,emma.jones@example.com,2025-04-15,2025-04-18
PROJ-1148,Fix database timeouts bug,Resolve database timeouts issue in email module,Bug,In Progress,Low,sophia.white@example.com,2025-03-20,2025-05-14
PROJ-1149,Optimize logging,Improve logging performance using NumPy,Improvement,Open,High,mike.wilson@example.com,2025-03-20,2025-04-26
PROJ-1150,Optimize logging,Improve logging performance using asyncio,Improvement,Closed,High,olivia.taylor@example.com,2025-03-29,2025-05-11
PROJ-1151,Optimize logging,Improve logging performance using Memcached,Improvement,Closed,Medium,liam.martin@example.com,2025-03-11,2025-03-18
PROJ-1152,Add email notifications endpoint,Implement email notifications API endpoint using smtplib,Feature,Open,High,mike.wilson@example.com,2025-04-11,2025-05-14
PROJ-1153,Optimize API performance,Improve API performance performance using asyncio,Improvement,In Progress,High,john.doe@example.com,2025-03-01,2025-03-09
PROJ-1154,Add Redis caching endpoint,Implement Redis caching API endpoint using JWT,Feature,In Progress,Low,john.doe@example.com,2025-03-27,2025-04-13
PROJ-1155,Fix null API responses bug,Resolve null API responses issue in email module,Bug,Closed,Low,sarah.lee@example.com,2025-03-11,2025-04-04
PROJ-1156,Add search pagination endpoint,Implement search pagination API endpoint using OAuth,Feature,Closed,High,mike.wilson@example.com,2025-04-16,2025-04-27
PROJ-1157,Add user authentication endpoint,Implement user authentication API endpoint using smtplib,Feature,Open,Low,emma.jones@example.com,2025-04-26,2025-05-13
PROJ-1158,Add search pagination endpoint,Implement search pagination API endpoint using OAuth,Feature,In Progress,Low,james.moore@example.com,2025-03-18,2025-04-12
PROJ-1159,Add user authentication endpoint,Implement user authentication API endpoint using OAuth,Feature,Closed,High,emma.jones@example.com,2025-03-24,2025-05-07
PROJ-1160,Fix database timeouts bug,Resolve database timeouts issue in api module,Bug,In Progress,High,jane.smith@example.com,2025-03-28,2025-04-10
PROJ-1161,Fix null API responses bug,Resolve null API responses issue in auth module,Bug,Closed,Medium,jane.smith@example.com,2025-03-09,2025-04-05
PROJ-1162,Fix null API responses bug,Resolve null API responses issue in user module,Bug,Open,Low,olivia.taylor@example.com,2025-03-25,2025-04-16
PROJ-1163,Add Redis caching endpoint,Implement Redis caching API endpoint using OAuth,Feature,In Progress,Medium,sarah.lee@example.com,2025-03-01,2025-05-08
PROJ-1164,Add search pagination endpoint,Implement search pagination API endpoint using JWT,Feature,In Progress,Low,olivia.taylor@example.com,2025-04-05,2025-04-10
PROJ-1165,Add Redis caching endpoint,Implement Redis caching API endpoint using Redis,Feature,Open,Low,olivia.taylor@example.com,2025-04-30,2025-05-09
PROJ-1166,Optimize data pipeline,Improve data pipeline performance using multiprocessing,Improvement,Open,Medium,jane.smith@example.com,2025-04-15,2025-04-17
PROJ-1167,Add user authentication endpoint,Implement user authentication API endpoint using OAuth,Feature,Closed,Low,mike.wilson@example.com,2025-03-26,2025-04-07
PROJ-1168,Add email notifications endpoint,Implement email notifications API endpoint using JWT,Feature,Open,Low,mike.wilson@example.com,2025-04-03,2025-04-19
PROJ-1169,Fix session expiry bug,Resolve session expiry issue in api module,Bug,Closed,High,james.moore@example.com,2025-03-06,2025-03-10
PROJ-1170,Add email notifications endpoint,Implement email notifications API endpoint using smtplib,Feature,Open,Medium,james.moore@example.com,2025-03-08,2025-04-13
PROJ-1171,Optimize API performance,Improve API performance performance using multiprocessing,Improvement,In Progress,Medium,sarah.lee@example.com,2025-03-01,2025-03-27
PROJ-1172,Fix database timeouts bug,Resolve database timeouts issue in pipeline module,Bug,Open,High,john.doe@example.com,2025-03-13,2025-03-31
PROJ-1173,Add search pagination endpoint,Implement search pagination API endpoint using OAuth,Feature,In Progress,High,sophia.white@example.com,2025-04-20,2025-05-09
PROJ-1174,Fix database timeouts bug,Resolve database timeouts issue in logger module,Bug,Open,Low,john.doe@example.com,2025-04-09,2025-04-14
PROJ-1175,Fix session expiry bug,Resolve session expiry issue in search module,Bug,Open,High,john.doe@example.com,2025-04-04,2025-04-10
PROJ-1176,Optimize file uploads,Improve file uploads performance using JSONFormatter,Improvement,In Progress,Medium,mike.wilson@example.com,2025-03-05,2025-04-08
PROJ-1177,Fix database timeouts bug,Resolve database timeouts issue in email module,Bug,Closed,Low,alex.brown@example.com,2025-03-24,2025-04-23
PROJ-1178,Add user authentication endpoint,Implement user authentication API endpoint using Redis,Feature,Closed,High,emma.jones@example.com,2025-04-05,2025-04-13
PROJ-1179,Optimize file uploads,Improve file uploads performance using Memcached,Improvement,In Progress,Low,sophia.white@example.com,2025-04-16,2025-05-13
PROJ-1180,Optimize logging,Improve logging performance using multiprocessing,Improvement,In Progress,High,liam.martin@example.com,2025-04-08,2025-05-02
PROJ-1181,Add user authentication endpoint,Implement user authentication API endpoint using OAuth,Feature,Open,Low,emma.jones@example.com,2025-03-23,2025-05-01
PROJ-1182,Fix null API responses bug,Resolve null API responses issue in email module,Bug,Open,Low,alex.brown@example.com,2025-03-21,2025-04-02
PROJ-1183,Optimize data pipeline,Improve data pipeline performance using asyncio,Improvement,In Progress,High,olivia.taylor@example.com,2025-03-18,2025-05-12
PROJ-1184,Optimize query execution,Improve query execution performance using JSONFormatter,Improvement,In Progress,Low,john.doe@example.com,2025-03-25,2025-03-26
PROJ-1185,Optimize data pipeline,Improve data pipeline performance using asyncio,Improvement,Closed,Medium,liam.martin@example.com,2025-03-25,2025-04-13
PROJ-1186,Add Redis caching endpoint,Implement Redis caching API endpoint using Redis,Feature,Open,Medium,emma.jones@example.com,2025-03-24,2025-05-12
PROJ-1187,Add Redis caching endpoint,Implement Redis caching API endpoint using smtplib,Feature,Closed,Low,james.moore@example.com,2025-03-08,2025-04-19
PROJ-1188,Add password reset endpoint,Implement password reset API endpoint using JWT,Feature,Open,Low,john.doe@example.com,2025-03-07,2025-05-10
PROJ-1189,Fix CSV parsing bug,Resolve CSV parsing issue in email module,Bug,In Progress,Medium,sophia.white@example.com,2025-04-16,2025-04-30
PROJ-1190,Fix session expiry bug,Resolve session expiry issue in auth module,Bug,Closed,High,sophia.white@example.com,2025-04-26,2025-04-29
PROJ-1191,Fix null API responses bug,Resolve null API responses issue in file module,Bug,Open,Medium,liam.martin@example.com,2025-04-30,2025-05-15
PROJ-1192,Optimize API performance,Improve API performance performance using asyncio,Improvement,In Progress,Medium,sophia.white@example.com,2025-04-14,2025-05-02
PROJ-1193,Optimize data pipeline,Improve data pipeline performance using NumPy,Improvement,In Progress,High,emma.jones@example.com,2025-04-01,2025-04-16
PROJ-1194,Add user authentication endpoint,Implement user authentication API endpoint using OAuth,Feature,Open,High,jane.smith@example.com,2025-04-18,2025-05-01
PROJ-1195,Add password reset endpoint,Implement password reset API endpoint using Elasticsearch,Feature,Closed,Medium,sarah.lee@example.com,2025-03-15,2025-03-23
PROJ-1196,Add Redis caching endpoint,Implement Redis caching API endpoint using JWT,Feature,Closed,Low,sarah.lee@example.com,2025-04-20,2025-04-28
PROJ-1197,Add user authentication endpoint,Implement user authentication API endpoint using Elasticsearch,Feature,In Progress,Low,emma.jones@example.com,2025-04-15,2025-05-13
PROJ-1198,Fix null API responses bug,Resolve null API responses issue in auth module,Bug,Open,Low,sarah.lee@example.com,2025-03-22,2025-05-13
PROJ-1199,Optimize logging,Improve logging performance using NumPy,Improvement,In Progress,Low,olivia.taylor@example.com,2025-03-27,2025-04-15
PROJ-1200,Fix session expiry bug,Resolve session expiry issue in user module,Bug,Closed,High,emma.jones@example.com,2025-03-17,2025-04-19
PROJ-1201,Optimize API performance,Improve API performance performance using JSONFormatter,Improvement,Open,Medium,alex.brown@example.com,2025-03-19,2025-03-27
PROJ-1202,Optimize logging,Improve logging performance using NumPy,Improvement,In Progress,Low,liam.martin@example.com,2025-03-31,2025-04-07
PROJ-1203,Fix SQL injection bug,Resolve SQL injection issue in file module,Bug,In Progress,High,mike.wilson@example.com,2025-04-30,2025-05-08
PROJ-1204,Optimize data pipeline,Improve data pipeline performance using asyncio,Improvement,In Progress,High,olivia.taylor@example.com,2025-03-13,2025-04-24
PROJ-1205,Add user authentication endpoint,Implement user authentication API endpoint using Elasticsearch,Feature,In Progress,Low,mike.wilson@example.com,2025-04-16,2025-05-06
PROJ-1206,Optimize logging,Improve logging performance using multiprocessing,Improvement,Closed,Low,olivia.taylor@example.com,2025-04-14,2025-05-05
PROJ-1207,Add search pagination endpoint,Implement search pagination API endpoint using Redis,Feature,Closed,Medium,sophia.white@example.com,2025-04-28,2025-05-08
PROJ-1208,Add email notifications endpoint,Implement email notifications API endpoint using smtplib,Feature,Closed,High,sarah.lee@example.com,2025-03-05,2025-05-14
PROJ-1209,Optimize data pipeline,Improve data pipeline performance using asyncio,Improvement,Open,High,mike.wilson@example.com,2025-04-20,2025-05-09
PROJ-1210,Add Redis caching endpoint,Implement Redis caching API endpoint using Elasticsearch,Feature,Closed,High,john.doe@example.com,2025-04-11,2025-04-17
PROJ-1211,Optimize query execution,Improve query execution performance using JSONFormatter,Improvement,Closed,Medium,sophia.white@example.com,2025-03-24,2025-04-27
PROJ-1212,Optimize logging,Improve logging performance using asyncio,Improvement,Open,Medium,john.doe@example.com,2025-04-25,2025-05-11
PROJ-1213,Optimize data pipeline,Improve data pipeline performance using Memcached,Improvement,Open,High,olivia.taylor@example.com,2025-04-27,2025-05-09
PROJ-1214,Fix session expiry bug,Resolve session expiry issue in database module,Bug,Closed,High,jane.smith@example.com,2025-04-05,2025-04-15
PROJ-1215,Optimize file uploads,Improve file uploads performance using Memcached,Improvement,Closed,High,john.doe@example.com,2025-04-25,2025-04-27
PROJ-1216,Optimize file uploads,Improve file uploads performance using multiprocessing,Improvement,Closed,Low,liam.martin@example.com,2025-04-12,2025-04-17
PROJ-1217,Optimize API performance,Improve API performance performance using Memcached,Improvement,Closed,Low,sarah.lee@example.com,2025-04-20,2025-05-04
PROJ-1218,Optimize query execution,Improve query execution performance using NumPy,Improvement,Closed,Low,james.moore@example.com,2025-03-12,2025-03-16
PROJ-1219,Optimize API performance,Improve API performance performance using asyncio,Improvement,Closed,Medium,olivia.taylor@example.com,2025-03-30,2025-04-03
PROJ-1220,Optimize query execution,Improve query execution performance using NumPy,Improvement,Open,High,alex.brown@example.com,2025-03-28,2025-05-10
PROJ-1221,Fix null API responses bug,Resolve null API responses issue in search module,Bug,In Progress,Medium,alex.brown@example.com,2025-03-28,2025-05-04
PROJ-1222,Optimize query execution,Improve query execution performance using Memcached,Improvement,In Progress,Low,sarah.lee@example.com,2025-03-29,2025-05-04
PROJ-1223,Fix session expiry bug,Resolve session expiry issue in email module,Bug,Open,Medium,olivia.taylor@example.com,2025-04-30,2025-05-06
PROJ-1224,Fix session expiry bug,Resolve session expiry issue in file module,Bug,Open,High,jane.smith@example.com,2025-03-24,2025-03-28
PROJ-1225,Add search pagination endpoint,Implement search pagination API endpoint using Elasticsearch,Feature,Closed,Low,mike.wilson@example.com,2025-04-26,2025-04-27
PROJ-1226,Optimize file uploads,Improve file uploads performance using multiprocessing,Improvement,In Progress,Medium,olivia.taylor@example.com,2025-04-20,2025-04-24
PROJ-1227,Optimize file uploads,Improve file uploads performance using NumPy,Improvement,Open,Low,alex.brown@example.com,2025-03-20,2025-03-23
PROJ-1228,Add email notifications endpoint,Implement email notifications API endpoint using JWT,Feature,In Progress,Medium,sarah.lee@example.com,2025-04-20,2025-04-27
PROJ-1229,Optimize data pipeline,Improve data pipeline performance using Memcached,Improvement,Closed,Medium,liam.martin@example.com,2025-03-25,2025-05-04
PROJ-1230,Optimize API performance,Improve API performance performance using NumPy,Improvement,In Progress,Medium,john.doe@example.com,2025-03-27,2025-05-03
PROJ-1231,Fix CSV parsing bug,Resolve CSV parsing issue in logger module,Bug,Open,High,john.doe@example.com,2025-04-01,2025-04-22
PROJ-1232,Optimize data pipeline,Improve data pipeline performance using NumPy,Improvement,Open,Medium,liam.martin@example.com,2025-04-11,2025-04-16
PROJ-1233,Fix CSV parsing bug,Resolve CSV parsing issue in database module,Bug,In Progress,Low,olivia.taylor@example.com,2025-04-22,2025-05-12
PROJ-1234,Add password reset endpoint,Implement password reset API endpoint using OAuth,Feature,Closed,Medium,jane.smith@example.com,2025-03-07,2025-05-03
PROJ-1235,Add password reset endpoint,Implement password reset API endpoint using JWT,Feature,Closed,Medium,liam.martin@example.com,2025-03-28,2025-05-04
PROJ-1236,Fix session expiry bug,Resolve session expiry issue in email module,Bug,Open,Low,emma.jones@example.com,2025-03-15,2025-04-03
PROJ-1237,Optimize query execution,Improve query execution performance using multiprocessing,Improvement,Open,Low,olivia.taylor@example.com,2025-03-03,2025-04-11
PROJ-1238,Fix session expiry bug,Resolve session expiry issue in api module,Bug,Closed,High,alex.brown@example.com,2025-04-13,2025-05-13
PROJ-1239,Optimize logging,Improve logging performance using Memcached,Improvement,Open,Medium,liam.martin@example.com,2025-03-23,2025-05-14
PROJ-1240,Optimize file uploads,Improve file uploads performance using asyncio,Improvement,Closed,High,olivia.taylor@example.com,2025-03-08,2025-03-23
PROJ-1241,Add Redis caching endpoint,Implement Redis caching API endpoint using smtplib,Feature,In Progress,Medium,alex.brown@example.com,2025-03-06,2025-03-12
PROJ-1242,Add search pagination endpoint,Implement search pagination API endpoint using Elasticsearch,Feature,Closed,Low,john.doe@example.com,2025-03-21,2025-04-04
PROJ-1243,Fix null API responses bug,Resolve null API responses issue in auth module,Bug,Open,Low,james.moore@example.com,2025-04-06,2025-05-13
PROJ-1244,Add email notifications endpoint,Implement email notifications API endpoint using Elasticsearch,Feature,Closed,Medium,emma.jones@example.com,2025-04-22,2025-04-30
PROJ-1245,Optimize data pipeline,Improve data pipeline performance using Memcached,Improvement,In Progress,Medium,jane.smith@example.com,2025-03-06,2025-03-19
PROJ-1246,Fix SQL injection bug,Resolve SQL injection issue in logger module,Bug,In Progress,Medium,emma.jones@example.com,2025-04-05,2025-04-17
PROJ-1247,Add search pagination endpoint,Implement search pagination API endpoint using JWT,Feature,In Progress,Medium,jane.smith@example.com,2025-04-06,2025-04-23
PROJ-1248,Optimize file uploads,Improve file uploads performance using Memcached,Improvement,Open,High,alex.brown@example.com,2025-03-20,2025-03-25
PROJ-1249,Fix database timeouts bug,Resolve database timeouts issue in database module,Bug,In Progress,Low,emma.jones@example.com,2025-03-22,2025-03-26
PROJ-1250,Add Redis caching endpoint,Implement Redis caching API endpoint using Redis,Feature,Open,Medium,james.moore@example.com,2025-04-06,2025-04-20
PROJ-1251,Fix session expiry bug,Resolve session expiry issue in search module,Bug,Closed,High,emma.jones@example.com,2025-03-14,2025-05-07
PROJ-1252,Optimize logging,Improve logging performance using JSONFormatter,Improvement,In Progress,Low,olivia.taylor@example.com,2025-04-12,2025-04-20
PROJ-1253,Fix session expiry bug,Resolve session expiry issue in user module,Bug,Open,High,james.moore@example.com,2025-04-26,2025-05-13
PROJ-1254,Optimize query execution,Improve query execution performance using multiprocessing,Improvement,Open,High,sophia.white@example.com,2025-03-22,2025-04-18
PROJ-1255,Fix database timeouts bug,Resolve database timeouts issue in database module,Bug,Closed,Medium,olivia.taylor@example.com,2025-04-29,2025-05-02
PROJ-1256,Optimize data pipeline,Improve data pipeline performance using asyncio,Improvement,Closed,High,olivia.taylor@example.com,2025-04-17,2025-04-29
PROJ-1257,Add search pagination endpoint,Implement search pagination API endpoint using Redis,Feature,Open,High,james.moore@example.com,2025-04-24,2025-05-03
PROJ-1258,Optimize data pipeline,Improve data pipeline performance using asyncio,Improvement,Open,High,alex.brown@example.com,2025-03-09,2025-04-20
PROJ-1259,Fix null API responses bug,Resolve null API responses issue in database module,Bug,Closed,Medium,sophia.white@example.com,2025-03-05,2025-04-09
PROJ-1260,Add Redis caching endpoint,Implement Redis caching API endpoint using JWT,Feature,Open,Low,sophia.white@example.com,2025-04-27,2025-04-28
PROJ-1261,Optimize file uploads,Improve file uploads performance using asyncio,Improvement,In Progress,Medium,sarah.lee@example.com,2025-04-21,2025-04-28
PROJ-1262,Fix database timeouts bug,Resolve database timeouts issue in file module,Bug,Open,Low,alex.brown@example.com,2025-03-06,2025-03-29
PROJ-1263,Optimize file uploads,Improve file uploads performance using Memcached,Improvement,Open,Low,emma.jones@example.com,2025-03-22,2025-04-06
PROJ-1264,Fix null API responses bug,Resolve null API responses issue in email module,Bug,Closed,Low,sarah.lee@example.com,2025-03-31,2025-05-14
PROJ-1265,Add search pagination endpoint,Implement search pagination API endpoint using OAuth,Feature,Open,High,alex.brown@example.com,2025-04-06,2025-04-30
PROJ-1266,Optimize logging,Improve logging performance using multiprocessing,Improvement,Open,Low,jane.smith@example.com,2025-03-15,2025-05-08
PROJ-1267,Add Redis caching endpoint,Implement Redis caching API endpoint using Redis,Feature,Open,Low,sophia.white@example.com,2025-03-02,2025-03-30
PROJ-1268,Fix SQL injection bug,Resolve SQL injection issue in email module,Bug,Closed,High,jane.smith@example.com,2025-03-28,2025-04-09
PROJ-1269,Fix SQL injection bug,Resolve SQL injection issue in file module,Bug,In Progress,High,john.doe@example.com,2025-04-13,2025-05-14
PROJ-1270,Fix SQL injection bug,Resolve SQL injection issue in auth module,Bug,Open,High,olivia.taylor@example.com,2025-03-23,2025-03-29
PROJ-1271,Add password reset endpoint,Implement password reset API endpoint using JWT,Feature,Open,High,jane.smith@example.com,2025-03-12,2025-04-05
PROJ-1272,Fix database timeouts bug,Resolve database timeouts issue in search module,Bug,In Progress,Medium,alex.brown@example.com,2025-04-24,2025-04-25
PROJ-1273,Add user authentication endpoint,Implement user authentication API endpoint using JWT,Feature,In Progress,Low,liam.martin@example.com,2025-04-27,2025-05-02
PROJ-1274,Optimize API performance,Improve API performance performance using JSONFormatter,Improvement,In Progress,High,olivia.taylor@example.com,2025-03-30,2025-05-08
PROJ-1275,Fix session expiry bug,Resolve session expiry issue in user module,Bug,Open,Medium,sophia.white@example.com,2025-04-20,2025-04-28
PROJ-1276,Optimize logging,Improve logging performance using JSONFormatter,Improvement,In Progress,High,emma.jones@example.com,2025-04-30,2025-05-11
PROJ-1277,Fix null API responses bug,Resolve null API responses issue in file module,Bug,In Progress,High,mike.wilson@example.com,2025-04-09,2025-05-05
PROJ-1278,Optimize file uploads,Improve file uploads performance using asyncio,Improvement,Closed,High,sophia.white@example.com,2025-03-11,2025-05-14
PROJ-1279,Fix null API responses bug,Resolve null API responses issue in email module,Bug,In Progress,High,james.moore@example.com,2025-04-22,2025-04-30
PROJ-1280,Fix CSV parsing bug,Resolve CSV parsing issue in file module,Bug,In Progress,Low,sarah.lee@example.com,2025-03-08,2025-04-18
PROJ-1281,Fix SQL injection bug,Resolve SQL injection issue in file module,Bug,Closed,High,sophia.white@example.com,2025-04-26,2025-05-13
PROJ-1282,Optimize data pipeline,Improve data pipeline performance using NumPy,Improvement,In Progress,High,mike.wilson@example.com,2025-03-28,2025-04-22
PROJ-1283,Optimize data pipeline,Improve data pipeline performance using Memcached,Improvement,In Progress,Low,sophia.white@example.com,2025-03-24,2025-05-05
PROJ-1284,Add email notifications endpoint,Implement email notifications API endpoint using Redis,Feature,Open,High,sarah.lee@example.com,2025-03-29,2025-04-17
PROJ-1285,Add password reset endpoint,Implement password reset API endpoint using smtplib,Feature,Closed,Medium,alex.brown@example.com,2025-04-25,2025-04-29
PROJ-1286,Fix database timeouts bug,Resolve database timeouts issue in search module,Bug,Open,High,james.moore@example.com,2025-04-29,2025-05-10
PROJ-1287,Add password reset endpoint,Implement password reset API endpoint using smtplib,Feature,Open,High,john.doe@example.com,2025-03-10,2025-03-29
PROJ-1288,Add password reset endpoint,Implement password reset API endpoint using smtplib,Feature,Open,Low,sarah.lee@example.com,2025-04-14,2025-05-12
PROJ-1289,Optimize API performance,Improve API performance performance using Memcached,Improvement,Open,High,john.doe@example.com,2025-03-23,2025-04-23
PROJ-1290,Add user authentication endpoint,Implement user authentication API endpoint using Elasticsearch,Feature,Open,Medium,john.doe@example.com,2025-04-10,2025-05-11
PROJ-1291,Fix SQL injection bug,Resolve SQL injection issue in api module,Bug,Open,Medium,olivia.taylor@example.com,2025-03-26,2025-04-17
PROJ-1292,Fix CSV parsing bug,Resolve CSV parsing issue in logger module,Bug,In Progress,Low,alex.brown@example.com,2025-04-10,2025-05-08
PROJ-1293,Fix null API responses bug,Resolve null API responses issue in search module,Bug,Closed,High,sophia.white@example.com,2025-03-02,2025-03-11
PROJ-1294,Fix session expiry bug,Resolve session expiry issue in api module,Bug,Closed,Medium,james.moore@example.com,2025-04-05,2025-05-04
PROJ-1295,Add email notifications endpoint,Implement email notifications API endpoint using smtplib,Feature,Closed,Medium,emma.jones@example.com,2025-03-06,2025-05-03
PROJ-1296,Optimize API performance,Improve API performance performance using Memcached,Improvement,Open,High,alex.brown@example.com,2025-04-02,2025-05-12
PROJ-1297,Optimize query execution,Improve query execution performance using JSONFormatter,Improvement,Open,Medium,james.moore@example.com,2025-04-04,2025-04-20
PROJ-1298,Fix CSV parsing bug,Resolve CSV parsing issue in logger module,Bug,Closed,High,jane.smith@example.com,2025-04-23,2025-05-04
PROJ-1299,Add email notifications endpoint,Implement email notifications API endpoint using smtplib,Feature,In Progress,Low,emma.jones@example.com,2025-03-08,2025-03-19
PROJ-1300,Add Redis caching endpoint,Implement Redis caching API endpoint using smtplib,Feature,In Progress,High,john.doe@example.com,2025-04-30,2025-05-11
PROJ-1301,Add email notifications endpoint,Implement email notifications API endpoint using JWT,Feature,Closed,Low,sarah.lee@example.com,2025-03-29,2025-04-30
PROJ-1302,Fix database timeouts bug,Resolve database timeouts issue in auth module,Bug,Closed,Medium,james.moore@example.com,2025-03-15,2025-04-23
PROJ-1303,Add email notifications endpoint,Implement email notifications API endpoint using OAuth,Feature,Closed,High,alex.brown@example.com,2025-03-19,2025-03-30
PROJ-1304,Optimize file uploads,Improve file uploads performance using JSONFormatter,Improvement,Closed,Medium,john.doe@example.com,2025-03-09,2025-05-04
PROJ-1305,Fix null API responses bug,Resolve null API responses issue in email module,Bug,Open,Low,sophia.white@example.com,2025-04-12,2025-05-05
PROJ-1306,Add email notifications endpoint,Implement email notifications API endpoint using smtplib,Feature,In Progress,High,john.doe@example.com,2025-03-07,2025-05-12
PROJ-1307,Add password reset endpoint,Implement password reset API endpoint using smtplib,Feature,Open,High,sarah.lee@example.com,2025-04-12,2025-05-07
PROJ-1308,Optimize data pipeline,Improve data pipeline performance using NumPy,Improvement,Closed,Low,liam.martin@example.com,2025-03-01,2025-03-20
PROJ-1309,Optimize data pipeline,Improve data pipeline performance using Memcached,Improvement,In Progress,High,mike.wilson@example.com,2025-03-23,2025-04-11
PROJ-1310,Add Redis caching endpoint,Implement Redis caching API endpoint using Redis,Feature,In Progress,Low,james.moore@example.com,2025-03-09,2025-04-30
PROJ-1311,Add email notifications endpoint,Implement email notifications API endpoint using smtplib,Feature,Closed,Medium,mike.wilson@example.com,2025-03-26,2025-03-29
PROJ-1312,Fix CSV parsing bug,Resolve CSV parsing issue in database module,Bug,Open,High,jane.smith@example.com,2025-04-12,2025-04-16
PROJ-1313,Fix session expiry bug,Resolve session expiry issue in search module,Bug,Open,High,olivia.taylor@example.com,2025-03-21,2025-05-04
PROJ-1314,Add user authentication endpoint,Implement user authentication API endpoint using OAuth,Feature,In Progress,Medium,alex.brown@example.com,2025-03-28,2025-05-15
PROJ-1315,Fix session expiry bug,Resolve session expiry issue in api module,Bug,In Progress,High,jane.smith@example.com,2025-03-03,2025-04-23
PROJ-1316,Fix session expiry bug,Resolve session expiry issue in auth module,Bug,Closed,Low,olivia.taylor@example.com,2025-04-01,2025-05-07
PROJ-1317,Add user authentication endpoint,Implement user authentication API endpoint using JWT,Feature,Open,High,sophia.white@example.com,2025-04-28,2025-05-11
PROJ-1318,Add search pagination endpoint,Implement search pagination API endpoint using JWT,Feature,Closed,Medium,alex.brown@example.com,2025-04-06,2025-04-18
PROJ-1319,Fix null API responses bug,Resolve null API responses issue in auth module,Bug,Closed,High,mike.wilson@example.com,2025-03-31,2025-04-27
PROJ-1320,Fix null API responses bug,Resolve null API responses issue in auth module,Bug,Closed,High,jane.smith@example.com,2025-03-12,2025-04-16
PROJ-1321,Fix database timeouts bug,Resolve database timeouts issue in user module,Bug,Closed,High,olivia.taylor@example.com,2025-04-23,2025-05-06
PROJ-1322,Add Redis caching endpoint,Implement Redis caching API endpoint using Elasticsearch,Feature,Open,Medium,sophia.white@example.com,2025-03-26,2025-05-06
PROJ-1323,Add Redis caching endpoint,Implement Redis caching API endpoint using smtplib,Feature,Closed,Medium,john.doe@example.com,2025-04-07,2025-04-15
PROJ-1324,Fix database timeouts bug,Resolve database timeouts issue in pipeline module,Bug,In Progress,Medium,john.doe@example.com,2025-03-09,2025-03-23
PROJ-1325,Optimize logging,Improve logging performance using NumPy,Improvement,In Progress,Low,jane.smith@example.com,2025-03-27,2025-04-21
PROJ-1326,Fix session expiry bug,Resolve session expiry issue in pipeline module,Bug,In Progress,Medium,sarah.lee@example.com,2025-03-06,2025-05-10
PROJ-1327,Add user authentication endpoint,Implement user authentication API endpoint using smtplib,Feature,Open,Medium,sarah.lee@example.com,2025-04-29,2025-05-02
PROJ-1328,Optimize data pipeline,Improve data pipeline performance using NumPy,Improvement,Closed,Low,mike.wilson@example.com,2025-04-04,2025-04-10
PROJ-1329,Optimize API performance,Improve API performance performance using asyncio,Improvement,Open,Medium,mike.wilson@example.com,2025-04-12,2025-05-05
PROJ-1330,Optimize file uploads,Improve file uploads performance using asyncio,Improvement,Open,Medium,john.doe@example.com,2025-04-19,2025-04-27
PROJ-1331,Add Redis caching endpoint,Implement Redis caching API endpoint using smtplib,Feature,Open,Low,emma.jones@example.com,2025-04-19,2025-05-08
PROJ-1332,Optimize logging,Improve logging performance using NumPy,Improvement,Closed,Low,mike.wilson@example.com,2025-04-05,2025-04-18
PROJ-1333,Fix null API responses bug,Resolve null API responses issue in database module,Bug,Closed,High,liam.martin@example.com,2025-03-10,2025-03-16
PROJ-1334,Optimize API performance,Improve API performance performance using JSONFormatter,Improvement,Open,Medium,sarah.lee@example.com,2025-03-07,2025-05-12
PROJ-1335,Optimize file uploads,Improve file uploads performance using Memcached,Improvement,Open,Low,emma.jones@example.com,2025-04-26,2025-05-14
PROJ-1336,Add user authentication endpoint,Implement user authentication API endpoint using OAuth,Feature,Open,High,james.moore@example.com,2025-04-10,2025-05-09
PROJ-1337,Optimize logging,Improve logging performance using Memcached,Improvement,In Progress,Low,mike.wilson@example.com,2025-03-22,2025-03-30
PROJ-1338,Optimize data pipeline,Improve data pipeline performance using asyncio,Improvement,Open,Low,olivia.taylor@example.com,2025-04-15,2025-05-07
PROJ-1339,Optimize query execution,Improve query execution performance using NumPy,Improvement,Closed,Medium,james.moore@example.com,2025-03-09,2025-04-09
PROJ-1340,Add email notifications endpoint,Implement email notifications API endpoint using Elasticsearch,Feature,Open,Medium,john.doe@example.com,2025-03-07,2025-04-21
PROJ-1341,Fix null API responses bug,Resolve null API responses issue in user module,Bug,Open,Medium,olivia.taylor@example.com,2025-04-23,2025-04-25
PROJ-1342,Fix CSV parsing bug,Resolve CSV parsing issue in email module,Bug,In Progress,Medium,alex.brown@example.com,2025-04-30,2025-05-08
PROJ-1343,Add search pagination endpoint,Implement search pagination API endpoint using smtplib,Feature,In Progress,Medium,james.moore@example.com,2025-03-17,2025-04-04
PROJ-1344,Optimize data pipeline,Improve data pipeline performance using asyncio,Improvement,Closed,High,james.moore@example.com,2025-03-30,2025-05-06
PROJ-1345,Add search pagination endpoint,Implement search pagination API endpoint using Elasticsearch,Feature,Closed,Low,alex.brown@example.com,2025-04-11,2025-04-24
PROJ-1346,Optimize file uploads,Improve file uploads performance using JSONFormatter,Improvement,Open,Medium,john.doe@example.com,2025-03-11,2025-03-13
PROJ-1347,Optimize query execution,Improve query execution performance using NumPy,Improvement,Closed,Low,emma.jones@example.com,2025-03-26,2025-05-11
PROJ-1348,Add password reset endpoint,Implement password reset API endpoint using OAuth,Feature,In Progress,High,james.moore@example.com,2025-03-21,2025-04-13
PROJ-1349,Fix database timeouts bug,Resolve database timeouts issue in database module,Bug,Open,High,james.moore@example.com,2025-04-01,2025-05-09
PROJ-1350,Optimize file uploads,Improve file uploads performance using NumPy,Improvement,Closed,Medium,alex.brown@example.com,2025-04-02,2025-04-09
PROJ-1351,Fix CSV parsing bug,Resolve CSV parsing issue in user module,Bug,In Progress,Low,john.doe@example.com,2025-04-26,2025-05-06
PROJ-1352,Optimize API performance,Improve API performance performance using asyncio,Improvement,Open,Medium,mike.wilson@example.com,2025-04-06,2025-05-12
PROJ-1353,Fix CSV parsing bug,Resolve CSV parsing issue in auth module,Bug,In Progress,High,john.doe@example.com,2025-03-30,2025-04-28
PROJ-1354,Optimize query execution,Improve query execution performance using multiprocessing,Improvement,In Progress,High,john.doe@example.com,2025-04-08,2025-05-05
PROJ-1355,Fix null API responses bug,Resolve null API responses issue in email module,Bug,In Progress,Medium,emma.jones@example.com,2025-04-02,2025-04-03
PROJ-1356,Optimize query execution,Improve query execution performance using asyncio,Improvement,Open,Low,sophia.white@example.com,2025-03-15,2025-04-20
PROJ-1357,Fix CSV parsing bug,Resolve CSV parsing issue in auth module,Bug,In Progress,High,john.doe@example.com,2025-04-08,2025-04-15
PROJ-1358,Fix SQL injection bug,Resolve SQL injection issue in user module,Bug,Closed,High,sophia.white@example.com,2025-04-08,2025-04-24
PROJ-1359,Optimize file uploads,Improve file uploads performance using Memcached,Improvement,In Progress,High,emma.jones@example.com,2025-04-16,2025-05-14
PROJ-1360,Fix database timeouts bug,Resolve database timeouts issue in email module,Bug,Closed,Low,olivia.taylor@example.com,2025-04-26,2025-05-03
PROJ-1361,Add user authentication endpoint,Implement user authentication API endpoint using JWT,Feature,Open,Low,alex.brown@example.com,2025-03-18,2025-03-19
PROJ-1362,Optimize logging,Improve logging performance using Memcached,Improvement,In Progress,Medium,olivia.taylor@example.com,2025-04-16,2025-05-01
PROJ-1363,Fix SQL injection bug,Resolve SQL injection issue in search module,Bug,Closed,High,sarah.lee@example.com,2025-04-18,2025-05-03
PROJ-1364,Optimize file uploads,Improve file uploads performance using NumPy,Improvement,Open,High,sarah.lee@example.com,2025-03-19,2025-04-08
PROJ-1365,Add email notifications endpoint,Implement email notifications API endpoint using smtplib,Feature,In Progress,High,james.moore@example.com,2025-04-18,2025-05-12
PROJ-1366,Fix CSV parsing bug,Resolve CSV parsing issue in file module,Bug,Open,High,jane.smith@example.com,2025-04-14,2025-05-07
PROJ-1367,Fix SQL injection bug,Resolve SQL injection issue in database module,Bug,Open,Medium,emma.jones@example.com,2025-04-14,2025-05-11
PROJ-1368,Optimize logging,Improve logging performance using asyncio,Improvement,Closed,Medium,sophia.white@example.com,2025-04-02,2025-04-17
PROJ-1369,Optimize query execution,Improve query execution performance using multiprocessing,Improvement,In Progress,Low,sophia.white@example.com,2025-03-20,2025-04-15
PROJ-1370,Fix null API responses bug,Resolve null API responses issue in pipeline module,Bug,In Progress,Low,john.doe@example.com,2025-03-07,2025-05-06
PROJ-1371,Fix null API responses bug,Resolve null API responses issue in logger module,Bug,Open,High,liam.martin@example.com,2025-04-19,2025-05-12
PROJ-1372,Fix null API responses bug,Resolve null API responses issue in api module,Bug,Open,High,john.doe@example.com,2025-03-03,2025-04-16
PROJ-1373,Optimize data pipeline,Improve data pipeline performance using asyncio,Improvement,Open,Low,jane.smith@example.com,2025-04-23,2025-04-28
PROJ-1374,Add email notifications endpoint,Implement email notifications API endpoint using JWT,Feature,Open,Low,liam.martin@example.com,2025-03-10,2025-03-11
PROJ-1375,Optimize logging,Improve logging performance using NumPy,Improvement,In Progress,Medium,mike.wilson@example.com,2025-04-24,2025-05-08
PROJ-1376,Add password reset endpoint,Implement password reset API endpoint using JWT,Feature,Open,Medium,sarah.lee@example.com,2025-03-06,2025-03-26
PROJ-1377,Fix null API responses bug,Resolve null API responses issue in api module,Bug,Closed,Medium,jane.smith@example.com,2025-03-22,2025-05-07
PROJ-1378,Fix session expiry bug,Resolve session expiry issue in api module,Bug,Closed,High,james.moore@example.com,2025-03-14,2025-04-29
PROJ-1379,Optimize file uploads,Improve file uploads performance using NumPy,Improvement,Open,High,james.moore@example.com,2025-03-25,2025-05-13
PROJ-1380,Add email notifications endpoint,Implement email notifications API endpoint using JWT,Feature,Closed,Medium,olivia.taylor@example.com,2025-03-17,2025-05-08
PROJ-1381,Fix database timeouts bug,Resolve database timeouts issue in api module,Bug,Closed,Medium,liam.martin@example.com,2025-03-25,2025-05-08
PROJ-1382,Optimize file uploads,Improve file uploads performance using asyncio,Improvement,Open,High,liam.martin@example.com,2025-04-29,2025-05-09
PROJ-1383,Optimize file uploads,Improve file uploads performance using asyncio,Improvement,Open,Low,jane.smith@example.com,2025-03-22,2025-05-11
PROJ-1384,Fix null API responses bug,Resolve null API responses issue in email module,Bug,In Progress,Low,liam.martin@example.com,2025-04-12,2025-05-06
PROJ-1385,Fix session expiry bug,Resolve session expiry issue in logger module,Bug,Open,Medium,liam.martin@example.com,2025-04-09,2025-05-03
PROJ-1386,Add search pagination endpoint,Implement search pagination API endpoint using smtplib,Feature,In Progress,Medium,emma.jones@example.com,2025-03-31,2025-04-01
PROJ-1387,Add user authentication endpoint,Implement user authentication API endpoint using Elasticsearch,Feature,Open,High,mike.wilson@example.com,2025-04-15,2025-04-24
PROJ-1388,Optimize query execution,Improve query execution performance using multiprocessing,Improvement,In Progress,Medium,olivia.taylor@example.com,2025-04-22,2025-05-14
PROJ-1389,Add password reset endpoint,Implement password reset API endpoint using smtplib,Feature,Closed,Medium,sophia.white@example.com,2025-03-25,2025-04-23
PROJ-1390,Add email notifications endpoint,Implement email notifications API endpoint using Elasticsearch,Feature,Open,High,sophia.white@example.com,2025-04-03,2025-04-05
PROJ-1391,Fix session expiry bug,Resolve session expiry issue in logger module,Bug,Closed,High,james.moore@example.com,2025-03-14,2025-05-13
PROJ-1392,Optimize data pipeline,Improve data pipeline performance using NumPy,Improvement,Closed,Low,olivia.taylor@example.com,2025-03-07,2025-03-23
PROJ-1393,Add search pagination endpoint,Implement search pagination API endpoint using smtplib,Feature,In Progress,Low,liam.martin@example.com,2025-03-04,2025-05-02
PROJ-1394,Optimize API performance,Improve API performance performance using asyncio,Improvement,In Progress,High,john.doe@example.com,2025-04-05,2025-04-29
PROJ-1395,Add user authentication endpoint,Implement user authentication API endpoint using smtplib,Feature,Closed,High,james.moore@example.com,2025-03-13,2025-03-29
PROJ-1396,Fix null API responses bug,Resolve null API responses issue in pipeline module,Bug,Open,High,mike.wilson@example.com,2025-03-21,2025-04-14
PROJ-1397,Fix database timeouts bug,Resolve database timeouts issue in email module,Bug,Open,High,alex.brown@example.com,2025-04-11,2025-04-29
PROJ-1398,Optimize data pipeline,Improve data pipeline performance using JSONFormatter,Improvement,Open,High,jane.smith@example.com,2025-04-15,2025-04-27
PROJ-1399,Fix CSV parsing bug,Resolve CSV parsing issue in email module,Bug,In Progress,High,liam.martin@example.com,2025-04-07,2025-05-01
PROJ-1400,Optimize data pipeline,Improve data pipeline performance using asyncio,Improvement,Closed,Low,jane.smith@example.com,2025-03-12,2025-05-09
PROJ-1401,Fix session expiry bug,Resolve session expiry issue in pipeline module,Bug,Open,High,liam.martin@example.com,2025-03-29,2025-04-16
PROJ-1402,Optimize API performance,Improve API performance performance using JSONFormatter,Improvement,Open,Low,olivia.taylor@example.com,2025-03-29,2025-05-11
PROJ-1403,Optimize logging,Improve logging performance using NumPy,Improvement,Closed,Medium,john.doe@example.com,2025-04-10,2025-05-11
PROJ-1404,Fix session expiry bug,Resolve session expiry issue in file module,Bug,In Progress,Low,olivia.taylor@example.com,2025-04-11,2025-05-04
PROJ-1405,Optimize query execution,Improve query execution performance using JSONFormatter,Improvement,In Progress,Low,olivia.taylor@example.com,2025-03-29,2025-04-24
PROJ-1406,Add user authentication endpoint,Implement user authentication API endpoint using Elasticsearch,Feature,In Progress,Medium,john.doe@example.com,2025-03-17,2025-04-19
PROJ-1407,Add search pagination endpoint,Implement search pagination API endpoint using JWT,Feature,Closed,Medium,jane.smith@example.com,2025-04-18,2025-05-12
PROJ-1408,Fix database timeouts bug,Resolve database timeouts issue in file module,Bug,Closed,High,liam.martin@example.com,2025-03-02,2025-05-11
PROJ-1409,Optimize query execution,Improve query execution performance using multiprocessing,Improvement,Closed,High,alex.brown@example.com,2025-03-23,2025-04-26
PROJ-1410,Fix SQL injection bug,Resolve SQL injection issue in auth module,Bug,Open,Medium,james.moore@example.com,2025-03-19,2025-05-12
PROJ-1411,Optimize logging,Improve logging performance using NumPy,Improvement,Closed,Low,james.moore@example.com,2025-04-09,2025-04-19
PROJ-1412,Fix CSV parsing bug,Resolve CSV parsing issue in email module,Bug,Closed,High,olivia.taylor@example.com,2025-03-14,2025-04-02
PROJ-1413,Optimize file uploads,Improve file uploads performance using JSONFormatter,Improvement,In Progress,Medium,emma.jones@example.com,2025-03-18,2025-04-17
PROJ-1414,Fix CSV parsing bug,Resolve CSV parsing issue in email module,Bug,Closed,Low,jane.smith@example.com,2025-03-30,2025-04-02
PROJ-1415,Add password reset endpoint,Implement password reset API endpoint using JWT,Feature,Open,High,sarah.lee@example.com,2025-04-24,2025-05-07
PROJ-1416,Add user authentication endpoint,Implement user authentication API endpoint using Elasticsearch,Feature,In Progress,High,james.moore@example.com,2025-04-25,2025-04-27
PROJ-1417,Fix SQL injection bug,Resolve SQL injection issue in user module,Bug,In Progress,High,sophia.white@example.com,2025-03-29,2025-04-16
PROJ-1418,Optimize data pipeline,Improve data pipeline performance using Memcached,Improvement,Closed,Medium,sarah.lee@example.com,2025-04-20,2025-04-23
PROJ-1419,Optimize data pipeline,Improve data pipeline performance using asyncio,Improvement,Closed,High,liam.martin@example.com,2025-03-29,2025-04-14
PROJ-1420,Fix database timeouts bug,Resolve database timeouts issue in pipeline module,Bug,Closed,High,emma.jones@example.com,2025-04-12,2025-05-05
PROJ-1421,Add email notifications endpoint,Implement email notifications API endpoint using OAuth,Feature,In Progress,Medium,liam.martin@example.com,2025-04-21,2025-04-27
PROJ-1422,Optimize file uploads,Improve file uploads performance using Memcached,Improvement,Closed,High,mike.wilson@example.com,2025-03-13,2025-05-12
PROJ-1423,Optimize API performance,Improve API performance performance using asyncio,Improvement,In Progress,High,james.moore@example.com,2025-03-06,2025-04-19
PROJ-1424,Optimize query execution,Improve query execution performance using multiprocessing,Improvement,Closed,Low,john.doe@example.com,2025-03-24,2025-03-31
PROJ-1425,Fix SQL injection bug,Resolve SQL injection issue in auth module,Bug,Open,Medium,james.moore@example.com,2025-03-02,2025-04-22
PROJ-1426,Add password reset endpoint,Implement password reset API endpoint using Elasticsearch,Feature,Open,Low,john.doe@example.com,2025-03-29,2025-04-17
PROJ-1427,Add email notifications endpoint,Implement email notifications API endpoint using OAuth,Feature,In Progress,Low,sophia.white@example.com,2025-04-27,2025-05-11
PROJ-1428,Optimize logging,Improve logging performance using asyncio,Improvement,Open,Medium,sophia.white@example.com,2025-03-02,2025-05-11
PROJ-1429,Optimize logging,Improve logging performance using Memcached,Improvement,Closed,High,liam.martin@example.com,2025-03-02,2025-03-11
PROJ-1430,Fix CSV parsing bug,Resolve CSV parsing issue in logger module,Bug,Open,Low,sophia.white@example.com,2025-04-09,2025-05-08
PROJ-1431,Add email notifications endpoint,Implement email notifications API endpoint using OAuth,Feature,Open,High,sophia.white@example.com,2025-03-24,2025-04-28
PROJ-1432,Optimize data pipeline,Improve data pipeline performance using multiprocessing,Improvement,Closed,High,john.doe@example.com,2025-03-04,2025-05-07
PROJ-1433,Fix database timeouts bug,Resolve database timeouts issue in auth module,Bug,Open,High,john.doe@example.com,2025-04-24,2025-04-26
PROJ-1434,Fix CSV parsing bug,Resolve CSV parsing issue in database module,Bug,Closed,Low,olivia.taylor@example.com,2025-03-09,2025-05-04
PROJ-1435,Optimize API performance,Improve API performance performance using NumPy,Improvement,Open,Low,mike.wilson@example.com,2025-04-22,2025-04-30
PROJ-1436,Add password reset endpoint,Implement password reset API endpoint using Elasticsearch,Feature,Closed,Medium,liam.martin@example.com,2025-04-03,2025-05-14
PROJ-1437,Add email notifications endpoint,Implement email notifications API endpoint using smtplib,Feature,Closed,Medium,alex.brown@example.com,2025-04-24,2025-04-28
PROJ-1438,Add password reset endpoint,Implement password reset API endpoint using Elasticsearch,Feature,Open,High,olivia.taylor@example.com,2025-04-19,2025-04-21
PROJ-1439,Add user authentication endpoint,Implement user authentication API endpoint using OAuth,Feature,In Progress,Medium,emma.jones@example.com,2025-03-09,2025-04-15
PROJ-1440,Optimize file uploads,Improve file uploads performance using multiprocessing,Improvement,Open,Medium,sophia.white@example.com,2025-04-22,2025-05-07
PROJ-1441,Optimize query execution,Improve query execution performance using NumPy,Improvement,Closed,High,emma.jones@example.com,2025-03-18,2025-04-28
PROJ-1442,Add Redis caching endpoint,Implement Redis caching API endpoint using OAuth,Feature,Open,High,olivia.taylor@example.com,2025-04-07,2025-04-13
PROJ-1443,Fix CSV parsing bug,Resolve CSV parsing issue in api module,Bug,In Progress,Low,sarah.lee@example.com,2025-04-17,2025-05-09
PROJ-1444,Add user authentication endpoint,Implement user authentication API endpoint using smtplib,Feature,Open,Low,olivia.taylor@example.com,2025-03-18,2025-03-26
PROJ-1445,Optimize query execution,Improve query execution performance using asyncio,Improvement,In Progress,Low,olivia.taylor@example.com,2025-04-02,2025-04-26
PROJ-1446,Fix CSV parsing bug,Resolve CSV parsing issue in file module,Bug,Open,Low,olivia.taylor@example.com,2025-04-24,2025-04-26
PROJ-1447,Add search pagination endpoint,Implement search pagination API endpoint using JWT,Feature,Closed,Medium,jane.smith@example.com,2025-04-04,2025-05-01
PROJ-1448,Add Redis caching endpoint,Implement Redis caching API endpoint using smtplib,Feature,In Progress,Medium,james.moore@example.com,2025-03-01,2025-03-14
PROJ-1449,Fix session expiry bug,Resolve session expiry issue in api module,Bug,In Progress,High,alex.brown@example.com,2025-03-31,2025-04-03
PROJ-1450,Add Redis caching endpoint,Implement Redis caching API endpoint using OAuth,Feature,In Progress,Low,liam.martin@example.com,2025-04-25,2025-05-13
PROJ-1451,Optimize logging,Improve logging performance using multiprocessing,Improvement,Closed,Medium,emma.jones@example.com,2025-04-12,2025-05-09
PROJ-1452,Optimize query execution,Improve query execution performance using JSONFormatter,Improvement,In Progress,High,james.moore@example.com,2025-03-13,2025-03-28
PROJ-1453,Add Redis caching endpoint,Implement Redis caching API endpoint using smtplib,Feature,In Progress,Low,olivia.taylor@example.com,2025-04-24,2025-05-07
PROJ-1454,Add search pagination endpoint,Implement search pagination API endpoint using smtplib,Feature,Closed,High,jane.smith@example.com,2025-04-10,2025-04-29
PROJ-1455,Fix SQL injection bug,Resolve SQL injection issue in pipeline module,Bug,In Progress,High,olivia.taylor@example.com,2025-03-17,2025-03-28
PROJ-1456,Optimize data pipeline,Improve data pipeline performance using multiprocessing,Improvement,In Progress,High,olivia.taylor@example.com,2025-03-21,2025-05-14
PROJ-1457,Add password reset endpoint,Implement password reset API endpoint using smtplib,Feature,Open,Low,alex.brown@example.com,2025-03-22,2025-04-19
PROJ-1458,Add search pagination endpoint,Implement search pagination API endpoint using smtplib,Feature,Closed,Medium,emma.jones@example.com,2025-03-13,2025-03-22
PROJ-1459,Add user authentication endpoint,Implement user authentication API endpoint using JWT,Feature,In Progress,Low,olivia.taylor@example.com,2025-03-06,2025-03-31
PROJ-1460,Optimize logging,Improve logging performance using JSONFormatter,Improvement,Open,Low,emma.jones@example.com,2025-04-26,2025-05-09
PROJ-1461,Optimize data pipeline,Improve data pipeline performance using multiprocessing,Improvement,In Progress,Low,liam.martin@example.com,2025-04-30,2025-05-04
PROJ-1462,Optimize data pipeline,Improve data pipeline performance using Memcached,Improvement,Closed,Medium,james.moore@example.com,2025-04-12,2025-05-13
PROJ-1463,Add email notifications endpoint,Implement email notifications API endpoint using Elasticsearch,Feature,Closed,Low,mike.wilson@example.com,2025-04-14,2025-04-15
PROJ-1464,Optimize logging,Improve logging performance using JSONFormatter,Improvement,Closed,High,john.doe@example.com,2025-03-02,2025-04-15
PROJ-1465,Fix session expiry bug,Resolve session expiry issue in file module,Bug,In Progress,Medium,sarah.lee@example.com,2025-03-07,2025-04-25
PROJ-1466,Optimize file uploads,Improve file uploads performance using NumPy,Improvement,In Progress,Low,alex.brown@example.com,2025-03-24,2025-04-19
PROJ-1467,Optimize query execution,Improve query execution performance using multiprocessing,Improvement,Closed,Low,alex.brown@example.com,2025-03-27,2025-04-11
PROJ-1468,Optimize query execution,Improve query execution performance using NumPy,Improvement,In Progress,Low,james.moore@example.com,2025-04-27,2025-05-03
PROJ-1469,Optimize file uploads,Improve file uploads performance using JSONFormatter,Improvement,Open,High,mike.wilson@example.com,2025-04-04,2025-04-16
PROJ-1470,Optimize logging,Improve logging performance using JSONFormatter,Improvement,Open,High,james.moore@example.com,2025-03-14,2025-05-04
PROJ-1471,Add password reset endpoint,Implement password reset API endpoint using JWT,Feature,Closed,Low,mike.wilson@example.com,2025-04-11,2025-05-04
PROJ-1472,Fix database timeouts bug,Resolve database timeouts issue in api module,Bug,In Progress,Medium,james.moore@example.com,2025-03-06,2025-05-04
PROJ-1473,Fix SQL injection bug,Resolve SQL injection issue in user module,Bug,Open,Medium,mike.wilson@example.com,2025-03-18,2025-04-15
PROJ-1474,Add user authentication endpoint,Implement user authentication API endpoint using Elasticsearch,Feature,In Progress,Medium,james.moore@example.com,2025-03-22,2025-04-30
PROJ-1475,Optimize data pipeline,Improve data pipeline performance using Memcached,Improvement,Open,Medium,james.moore@example.com,2025-04-09,2025-04-10
PROJ-1476,Optimize file uploads,Improve file uploads performance using JSONFormatter,Improvement,Closed,Medium,mike.wilson@example.com,2025-03-09,2025-03-27
PROJ-1477,Optimize logging,Improve logging performance using JSONFormatter,Improvement,Open,High,jane.smith@example.com,2025-03-27,2025-05-02
PROJ-1478,Add search pagination endpoint,Implement search pagination API endpoint using Elasticsearch,Feature,In Progress,High,emma.jones@example.com,2025-03-26,2025-04-19
PROJ-1479,Fix SQL injection bug,Resolve SQL injection issue in logger module,Bug,Open,High,john.doe@example.com,2025-04-27,2025-05-06
PROJ-1480,Optimize logging,Improve logging performance using multiprocessing,Improvement,In Progress,Low,sarah.lee@example.com,2025-04-08,2025-05-13
PROJ-1481,Add search pagination endpoint,Implement search pagination API endpoint using Redis,Feature,Closed,High,jane.smith@example.com,2025-03-11,2025-04-10
PROJ-1482,Add Redis caching endpoint,Implement Redis caching API endpoint using smtplib,Feature,In Progress,High,emma.jones@example.com,2025-03-05,2025-05-06
PROJ-1483,Fix null API responses bug,Resolve null API responses issue in auth module,Bug,In Progress,High,olivia.taylor@example.com,2025-04-25,2025-05-13
PROJ-1484,Fix database timeouts bug,Resolve database timeouts issue in pipeline module,Bug,Closed,High,john.doe@example.com,2025-03-26,2025-05-03
PROJ-1485,Fix null API responses bug,Resolve null API responses issue in search module,Bug,In Progress,Low,jane.smith@example.com,2025-04-22,2025-05-01
PROJ-1486,Add search pagination endpoint,Implement search pagination API endpoint using OAuth,Feature,Open,Low,sarah.lee@example.com,2025-03-26,2025-05-05
PROJ-1487,Add search pagination endpoint,Implement search pagination API endpoint using JWT,Feature,Closed,Medium,olivia.taylor@example.com,2025-04-18,2025-05-02
PROJ-1488,Fix session expiry bug,Resolve session expiry issue in database module,Bug,In Progress,High,olivia.taylor@example.com,2025-03-11,2025-04-15
PROJ-1489,Fix CSV parsing bug,Resolve CSV parsing issue in api module,Bug,In Progress,High,jane.smith@example.com,2025-04-23,2025-05-10
PROJ-1490,Fix CSV parsing bug,Resolve CSV parsing issue in file module,Bug,Closed,Low,sophia.white@example.com,2025-03-19,2025-04-21
PROJ-1491,Add email notifications endpoint,Implement email notifications API endpoint using Elasticsearch,Feature,Closed,Medium,john.doe@example.com,2025-03-18,2025-04-23
PROJ-1492,Add password reset endpoint,Implement password reset API endpoint using Elasticsearch,Feature,Closed,Medium,emma.jones@example.com,2025-03-01,2025-04-09
PROJ-1493,Add search pagination endpoint,Implement search pagination API endpoint using OAuth,Feature,Closed,High,liam.martin@example.com,2025-04-03,2025-04-09
PROJ-1494,Fix SQL injection bug,Resolve SQL injection issue in database module,Bug,Closed,High,liam.martin@example.com,2025-04-23,2025-04-30
PROJ-1495,Fix CSV parsing bug,Resolve CSV parsing issue in search module,Bug,In Progress,High,mike.wilson@example.com,2025-04-10,2025-04-26
PROJ-1496,Fix null API responses bug,Resolve null API responses issue in pipeline module,Bug,In Progress,High,jane.smith@example.com,2025-03-22,2025-05-11
PROJ-1497,Add user authentication endpoint,Implement user authentication API endpoint using JWT,Feature,Open,High,mike.wilson@example.com,2025-03-13,2025-05-12
PROJ-1498,Fix database timeouts bug,Resolve database timeouts issue in database module,Bug,In Progress,High,james.moore@example.com,2025-04-28,2025-05-13
PROJ-1499,Fix SQL injection bug,Resolve SQL injection issue in email module,Bug,Open,High,alex.brown@example.com,2025-03-19,2025-04-15
PROJ-1500,Fix SQL injection bug,Resolve SQL injection issue in search module,Bug,In Progress,High,sarah.lee@example.com,2025-04-30,2025-05-03
